	model	acc	diff	expected	unexpected	macrodiff
0	gpt2	0.9	-0.009050649094085017	4.901008895246309	4.910059544340394	-0.009050649094084484
